i,wt,evescape,Norm_evescape
1,M,-2.636722894736842,0.4173157894736842
2,K,-1.722860594736842,0.6548593684210526
3,T,-2.0270988526315787,0.5757776052631579
4,I,-1.8760315473684208,0.6150450789473684
5,I,-2.1051165894736843,0.5554981684210526
6,A,-2.0213662,0.5772677157894737
7,L,-2.180249789473684,0.5359685210526316
8,S,-1.9979302315789476,0.5833594947368421
9,Y,-1.9391525631578945,0.5986377947368421
10,I,-1.8587365105263158,0.6195406210526315
11,L,-1.949947289473684,0.5958318842105264
12,C,-1.8341827157894737,0.625923
13,L,-1.7633434842105264,0.6443365052631579
14,V,-1.7978258684210529,0.6353733736842105
15,F,-1.8062296157894737,0.633188947368421
16,A,-1.8168574000000002,0.6304264315789474
17,Q,-1.8634310736842106,0.6183203736842104
18,K,-1.560969342105263,0.6969403421052632
19,I,-1.5297248157894736,0.705061852631579
20,P,-2.1348989157894738,0.5477567368421052
21,G,-1.9114726210526314,0.6058327631578947
22,N,-1.8174554789473683,0.6302709684210527
23,D,-1.6353322105263157,0.6776109315789474
24,N,-1.3045140052631579,0.7636017210526316
25,S,-1.3884170999999998,0.7417924789473684
26,T,-1.6295992473684209,0.6791011210526315
27,A,-2.0479770263157895,0.5703506631578947
28,T,-1.9123245210526316,0.6056113105263158
29,L,-2.260966410526316,0.5149875631578947
30,C,-2.787720105263158,0.3780665315789474
31,L,-2.944286347368421,0.3373697052631579
32,G,-2.7492059578947368,0.3880776578947368
33,H,-2.418985205263158,0.4739131631578947
34,H,-2.481243810526316,0.45773004210526314
35,A,-2.667413184210526,0.4093383578947368
36,V,-1.9742466263157894,0.5895156684210526
37,P,-1.6894599315789476,0.6635413263157894
38,N,-1.5381789789473685,0.7028643315789473
39,G,-2.702596247368421,0.40019309999999997
40,T,-2.0858752157894735,0.5604996421052632
41,I,-1.6263300315789473,0.6799509
42,V,-3.127882589473684,0.28964686315789473
43,K,-2.417798489473684,0.4742216263157895
44,T,-3.6188402947368425,0.16203043157894736
45,I,-2.9806257421052633,0.32792386842105264
46,T,-2.6740599,0.40761064210526315
47,N,-2.1249410789473684,0.5503451210526316
48,D,-1.9537993421052633,0.5948306210526316
49,R,-0.8258887473684211,0.8880125368421051
50,I,-2.3511973736842107,0.4915335
51,E,-2.2672994210526314,0.5133413842105263
52,V,-2.8579222736842107,0.3598186263157895
53,T,-2.989157210526316,0.32570625789473684
54,N,-2.188470236842105,0.533831747368421
55,A,-2.854773105263158,0.3606372052631579
56,T,-2.585977305263158,0.4305062894736842
57,E,-2.5507001,0.4396760263157895
58,L,-3.014399868421053,0.3191448473684211
59,V,-2.8652301578947372,0.3579190789473684
60,Q,-2.5366687999999997,0.4433232263157894
61,N,-1.479578410526316,0.7180965894736842
62,S,-1.7484146157894735,0.648217005263158
63,S,-2.401847831578947,0.4783677263157895
64,I,-1.2316295263157895,0.7825468578947369
65,G,-2.0890967842105264,0.559662252631579
66,E,-1.1936223684210525,0.7924261842105264
67,I,-2.7250493000000002,0.3943567894736842
68,C,-2.5432544999999998,0.4416113894736842
69,D,-1.137231752631579,0.8070840157894736
70,S,-1.436515947368421,0.7292899736842106
71,P,-2.074371447368421,0.5634898736842104
72,H,-2.312186942105263,0.5016736210526316
73,Q,-1.6182317421052632,0.6820559105263158
74,I,-2.0047081578947368,0.5815976947368421
75,L,-2.3424840000000002,0.4937983894736842
76,D,-2.4765601684210528,0.4589474789473684
77,G,-2.827244710526316,0.36779274210526314
78,E,-1.2157448789473684,0.7866758
79,N,-1.7409022105263159,0.6501697368421052
80,C,-3.450256136842105,0.20585112105263156
81,T,-2.8625343736842104,0.35861979473684213
82,L,-3.624190173684211,0.16063982631578946
83,I,-3.1117652526315793,0.2938363052631579
84,D,-2.798700110526316,0.37521246842105266
85,A,-2.7371646052631577,0.39120762105263157
86,L,-3.3596176157894737,0.22941113157894735
87,L,-3.5673885473684206,0.17540445789473683
88,G,-3.0469224105263155,0.31069114210526316
89,D,-2.762906242105263,0.3845164947368421
90,P,-2.3445265631578946,0.49326745789473686
91,Q,-1.8327328210526315,0.6262998789473685
92,C,-3.3598940315789476,0.22933927368421053
93,D,-2.0040261684210527,0.5817749736842105
94,G,-1.5581580263157895,0.6976711105263158
95,F,-2.1381479684210527,0.5469121894736841
96,Q,-2.003095810526316,0.5820167947368421
97,N,-1.6352348789473683,0.6776362368421053
98,K,-1.323618689473684,0.7586357736842105
99,K,-1.206132147368421,0.7891744736842106
100,W,-3.354392847368421,0.23076922105263156
101,D,-2.1152475315789476,0.5528647999999999
102,L,-3.1732509789473684,0.27785409473684214
103,F,-2.989403094736842,0.32564233684210525
104,V,-2.6077967842105263,0.42483466315789475
105,E,-2.7626115684210526,0.38459307368421053
106,R,-2.041771547368421,0.5719636684210526
107,S,-1.803024410526316,0.6340220842105263
108,K,-1.0899511368421053,0.8193738315789474
109,A,-2.3301130263157894,0.49701403157894736
110,Y,-1.5830158684210527,0.6912097105263157
111,S,-2.783923363157895,0.3790534421052632
112,N,-1.8018354263157896,0.6343311368421053
113,C,-3.466234652631579,0.20169777368421052
114,Y,-3.1469119,0.2847005
115,P,-3.272161105263158,0.25214401578947365
116,Y,-3.148810684210526,0.2842069578947369
117,D,-2.6334244736842107,0.41817317368421053
118,V,-3.2459486631578947,0.2589575052631579
119,P,-2.976611994736842,0.3289671736842105
120,D,-3.0398715315789473,0.31252389473684206
121,Y,-2.975068652631579,0.32936835789473684
122,A,-3.0549700157894737,0.3085992894736842
123,S,-3.4471433157894737,0.20666025789473685
124,L,-3.3817904105263157,0.22364767894736845
125,R,-2.7988407842105265,0.3751759
126,S,-3.6304304526315794,0.15901775789473685
127,L,-3.2803707473684214,0.25001005263157894
128,V,-2.8854597631578947,0.35266071052631576
129,A,-3.435091331578947,0.20979297368421054
130,S,-3.169923189473684,0.2787190947368421
131,S,-2.8871033368421055,0.3522334947368421
132,G,-3.3426948684210527,0.23380992631578948
133,T,-2.208516636842105,0.5286210263157894
134,L,-2.4822816105263157,0.4574602842105263
135,E,-1.9499672157894736,0.5958267105263159
136,F,-2.554816263157895,0.4386061
137,N,-1.4804940578947368,0.7178585842105264
138,N,-1.3578892157894737,0.7497277052631579
139,E,-2.2646921157894737,0.5140191157894737
140,S,-1.338736894736842,0.7547060315789473
141,F,-2.728461057894737,0.39346996315789473
142,N,-1.4015012315789472,0.7383914894736843
143,W,-2.4804134263157893,0.45794588947368414
144,T,-1.1972929105263157,0.7914720947368421
145,G,-2.150808963157895,0.5436211894736842
146,V,-1.9284954947368422,0.6014079263157894
147,T,-1.4536810578947368,0.7248281736842105
148,Q,-1.7081698526315792,0.6586779947368422
149,N,-1.4535549315789473,0.7248609578947368
150,G,-2.3341402052631577,0.49596721578947367
151,T,-1.5713402842105264,0.6942446
152,S,-2.458269215789474,0.46370191052631576
153,S,-1.3855772052631579,0.7425306684210526
154,A,-1.9219969947368423,0.6030971157894737
155,C,-3.137495189473684,0.2871482263157895
156,I,-1.191930794736842,0.7928658736842106
157,R,-1.5448117684210527,0.7011402368421052
158,R,-0.6425740842105263,0.9356621947368421
159,S,-1.3779952526315788,0.7445014684210526
160,S,-0.9535263315789474,0.854835247368421
161,S,-1.229505494736842,0.7830989631578947
162,S,-1.9223520210526317,0.6030048315789474
163,F,-2.890228942105263,0.35142104210526315
164,F,-3.3764458,0.22503691578947368
165,S,-2.194754094736842,0.5321983578947368
166,R,-1.6819454157894738,0.6654945947368421
167,L,-3.2157611263157895,0.2668042789473684
168,N,-2.1876612894736844,0.5340420315789474
169,W,-2.292349352631579,0.5068300684210526
170,L,-2.551060010526316,0.4395824578947368
171,T,-1.8697239263157897,0.6166846368421053
172,H,-1.2369515,0.7811635
173,L,-1.3229716578947368,0.7588039684210526
174,N,-1.1399030315789473,0.8063896421052632
175,Y,-0.9788687315789474,0.8482478842105262
176,T,-1.013761747368421,0.8391780157894737
177,Y,-2.3130173315789473,0.5014577684210526
178,P,-1.7886116315789473,0.6377684526315789
179,A,-1.6404895368421053,0.6762703684210527
180,L,-2.2630533263157897,0.5144450894736842
181,N,-1.7727567263157893,0.6418896684210527
182,V,-2.1023834894736844,0.556208594736842
183,T,-1.9116638684210525,0.6057830315789473
184,M,-2.119653942105263,0.5517194263157895
185,P,-1.832575447368421,0.6263407842105263
186,N,-2.3831283105263155,0.4832335684210526
187,N,-1.428967552631579,0.7312520736842106
188,E,-1.3448725947368423,0.7531111578947369
189,Q,-1.1887810368421052,0.7936846105263158
190,F,-1.7931194315789474,0.6365967315789474
191,D,-2.0757354842105262,0.5631353
192,K,-2.2066383789473685,0.5291092315789473
193,L,-3.577240626315789,0.1728435842105263
194,Y,-2.676495689473684,0.4069775052631579
195,I,-2.9170387789473686,0.34445226842105264
196,W,-3.2257033157894734,0.2642199684210526
197,G,-3.924311994736842,0.08262806315789473
198,V,-3.2270743263157895,0.2638635947368421
199,H,-2.4623585210526318,0.4626389578947368
200,H,-3.4287634473684214,0.2114378
201,P,-2.964087852631579,0.3322226157894737
202,G,-2.0039458263157894,0.581795847368421
203,T,-1.777516794736842,0.6406523894736843
204,D,-1.4192099684210526,0.7337883842105263
205,K,-0.9607353684210527,0.8529613631578946
206,D,-1.4653084789473685,0.7218058210526316
207,Q,-2.621567436842105,0.42125520526315785
208,I,-1.3764880368421053,0.7448932578947369
209,F,-1.1856703052631579,0.7944932157894736
210,L,-1.942162089473684,0.5978555315789474
211,Y,-2.4269908210526316,0.47183222631578947
212,A,-1.5512726421052632,0.6994608473684211
213,Q,-1.4289111736842104,0.7312667105263158
214,S,-1.3221469736842106,0.7590183263157895
215,S,-2.163072068421053,0.5404335842105263
216,G,-2.3283659473684213,0.4974681526315789
217,R,-1.8611952684210527,0.6189015210526316
218,I,-2.859683642105263,0.3593607842105263
219,T,-2.689596947368421,0.40357204210526315
220,V,-3.1992884210526316,0.2710860842105263
221,S,-2.8379238947368424,0.36501688421052636
222,T,-3.410996784210526,0.21605595789473683
223,K,-1.6948006736842105,0.6621530789473684
224,R,-1.8595776,0.6193220210526316
225,S,-2.946363747368421,0.3368297210526316
226,Q,-3.096381505263158,0.29783505263157894
227,Q,-3.196149905263158,0.2719018894736842
228,A,-2.5265990473684212,0.44594067894736844
229,V,-2.857141352631579,0.36002163157894734
230,I,-2.3257779736842106,0.4981408421052632
231,P,-3.250956110526316,0.2576559105263158
232,N,-2.715816342105263,0.3967567421052632
233,I,-2.3987149315789473,0.47918206842105265
234,G,-2.5159969263157898,0.4486965578947368
235,S,-1.8166733842105263,0.6304742631578947
236,R,-2.447671357894737,0.4664566578947368
237,P,-2.2609577473684213,0.5149898
238,R,-1.262324147368421,0.7745682947368421
239,I,-1.693277110526316,0.6625491210526316
240,R,-2.1517529210526316,0.5433758105263158
241,D,-0.8345240210526316,0.8857679473684211
242,I,-1.8104622157894736,0.6320887578947368
243,P,-1.9549047315789476,0.5945432894736843
244,S,-2.5028490684210527,0.45211410526315793
245,R,-1.970903215789474,0.5903847315789473
246,I,-2.5895400210526316,0.4295802052631579
247,S,-3.300062447368421,0.24489151578947368
248,I,-3.0045904736842104,0.3216946368421053
249,Y,-3.1836624052631577,0.2751478
250,W,-3.5612337789473685,0.17700429473684212
251,T,-3.4081076473684213,0.21680693157894737
252,I,-2.717364947368421,0.3963542105263158
253,V,-2.6934618789473688,0.40256742631578946
254,K,-1.8840812789473684,0.6129526842105263
255,P,-2.124119047368421,0.5505587789473685
256,G,-2.0993643,0.5569933842105264
257,D,-2.279005352631579,0.5102986210526316
258,I,-1.6960527894736843,0.6618276210526316
259,L,-2.7152438894736846,0.39690554210526313
260,L,-2.1536177736842106,0.5428910578947368
261,I,-2.7460746315789475,0.3888916052631579
262,N,-2.085733057894737,0.5605365894736842
263,S,-2.7013600578947368,0.4005144210526316
264,T,-1.9244701473684211,0.6024542526315789
265,G,-3.1883565105263156,0.27392764736842107
266,N,-3.348041405263158,0.23242015263157897
267,L,-3.173162457894737,0.2778771
268,I,-3.0621416000000004,0.30673515263157897
269,A,-3.212177310526316,0.26773583157894737
270,P,-3.2618947368421054,0.2548125894736842
271,R,-1.714590052631579,0.657009147368421
272,G,-2.8223868368421052,0.3690554894736842
273,Y,-2.3559139421052633,0.4903074894736842
274,F,-2.9419038684210523,0.3379889842105263
275,K,-1.5433453368421053,0.7015214157894737
276,I,-2.3701315789473685,0.48661184736842106
277,R,-1.1663370210526316,0.7995185578947368
278,S,-1.7215350684210526,0.6552039157894737
279,G,-2.3982347631578946,0.4793068894736842
280,K,-1.6950515157894739,0.6620878789473684
281,S,-2.6598102842105265,0.4113146105263158
282,S,-3.413814684210527,0.2153234789473684
283,I,-3.0768850157894736,0.30290284736842105
284,M,-3.066809610526316,0.30552177894736837
285,R,-2.0681850157894734,0.5650979105263157
286,S,-2.949148194736842,0.3361059473684211
287,D,-1.8043123894736843,0.633687305263158
288,A,-2.1189383842105265,0.5519054105263158
289,P,-1.7144320842105265,0.6570502263157895
290,I,-1.7933472263157897,0.6365375105263158
291,G,-1.6667640736842104,0.6694407421052632
292,K,-1.1256077263157895,0.8101054842105263
293,C,-2.1997227157894734,0.5309068315789474
294,K,-0.8444562842105263,0.8831861947368421
295,S,-2.0732459210526315,0.5637824210526317
296,E,-1.4564982789473684,0.7240958894736842
297,C,-3.3816964263157896,0.2236721
298,I,-2.820932563157895,0.36943349473684206
299,T,-3.174157610526316,0.27761843157894733
300,P,-3.3282101157894735,0.2375750052631579
301,N,-2.2115383,0.5278355736842105
302,G,-2.8974243,0.3495507210526316
303,S,-2.695785594736842,0.4019634210526316
304,I,-2.753044068421053,0.3870800052631579
305,P,-1.9426997421052634,0.5977157684210527
306,N,-2.0802705789473683,0.5619564736842105
307,D,-1.5478057052631577,0.7003620105263157
308,K,-2.2093438421052634,0.5284059894736842
309,P,-3.534323357894737,0.18399922631578947
310,F,-3.6726475894736845,0.14804408947368422
311,Q,-3.4232431842105258,0.2128726947368421
312,N,-2.703637147368421,0.3999225210526316
313,V,-2.368519310526316,0.48703094210526315
314,N,-2.6826920631578948,0.40536685263157896
315,R,-2.2912618263157896,0.507112747368421
316,I,-2.9314574684210526,0.34070435263157894
317,T,-3.329150105263158,0.23733066315789472
318,Y,-3.031262447368421,0.31476167894736845
319,G,-3.5715182210526315,0.17433103684210527
320,A,-2.0230092789473684,0.5768406157894738
321,C,-3.705198163157895,0.13958312105263157
322,P,-2.9804885263157894,0.32795953684210527
323,R,-2.3811104315789473,0.4837580789473684
324,Y,-3.4192092894736845,0.21392125789473684
325,V,-2.981650310526316,0.3276575526315789
326,K,-2.2311617157894736,0.5227347894736841
327,H,-1.7703257789473683,0.6425215578947369
328,S,-1.4738812315789473,0.7195774947368421
329,T,-1.9607692789473685,0.5930188894736842
330,L,-3.1059743736842105,0.29534155263157896
331,K,-1.8168295368421052,0.6304336736842105
332,L,-2.9413130789473683,0.33814255263157894
333,A,-3.614262615789474,0.1632203210526316
334,T,-2.489270357894737,0.45564367894736846
335,G,-3.0445483947368417,0.31130822105263156
336,M,-2.831357384210526,0.36672374736842106
337,R,-1.9944495263157893,0.584264252631579
338,N,-2.2456411052631577,0.5189711105263158
339,V,-1.9562021684210524,0.5942060368421053
340,P,-1.895313952631579,0.6100329315789473
341,E,-1.538942747368421,0.7026658
342,K,-1.3351623894736844,0.7556351789473684
343,Q,-1.5542858105263158,0.6986776210526315
344,T,-1.560622689473684,0.6970304578947368
345,R,-1.9495364052631579,0.5959386947368421
346,G,-2.1982829789473683,0.5312810894736842
347,I,-1.530857494736842,0.7047674315789474
348,F,-1.7929828842105264,0.6366322263157894
349,G,-1.7859401578947367,0.6384628578947368
350,A,-2.238434557894737,0.5208443421052632
351,I,-1.8826103894736843,0.6133350263157894
352,A,-2.306921515789474,0.5030422789473684
353,G,-2.7410053,0.3902092894736842
354,F,-2.8066708631578945,0.3731406
355,I,-2.6535024052631577,0.412954252631579
356,E,-2.2081406842105262,0.5287187368421052
357,N,-2.5865878789473684,0.43034756842105265
358,G,-2.508295578947368,0.45069836842105265
359,W,-2.702429910526316,0.40023633684210524
360,E,-1.6957019157894735,0.6619188210526316
361,G,-2.047549389473684,0.5704618157894736
362,M,-2.3782063,0.48451295789473686
363,V,-1.309789405263158,0.7622304631578947
364,D,-1.5521922105263157,0.6992218157894737
365,G,-2.6814132473684213,0.4056992578947368
366,W,-2.9129056578947368,0.34552660526315787
367,Y,-2.9976688368421054,0.32349378947368423
368,G,-2.4047891684210527,0.4776031789473684
369,F,-2.581159810526316,0.43175851578947366
370,R,-2.040692047368421,0.5722442736842105
371,H,-2.051634789473684,0.5693998842105263
372,Q,-1.7875314157894735,0.6380492421052631
373,N,-1.9493713631578948,0.5959815894736842
374,S,-1.4585917473684211,0.7235517368421052
375,E,-1.4877722526315789,0.7159667315789474
376,G,-2.319741247368421,0.4997099894736842
377,R,-0.9163325000000001,0.8645031473684209
378,G,-1.8975821315789474,0.6094433578947369
379,Q,-2.133591152631579,0.5480966684210525
380,A,-2.088934294736842,0.5597045
381,A,-2.089677589473684,0.5595112789473685
382,D,-1.7992165473684212,0.635011894736842
383,L,-1.593621047368421,0.6884530578947368
384,K,-1.4462765842105263,0.7267528631578947
385,S,-3.0808902894736843,0.3018617421052632
386,T,-2.5764880105263157,0.4329728736842105
387,Q,-2.3167148842105263,0.5004966526315789
388,A,-2.2602711263157893,0.5151682736842106
389,A,-2.8679186894736843,0.35722024210526315
390,I,-1.859680305263158,0.6192953157894736
391,D,-1.5125269315789474,0.7095321578947369
392,Q,-2.663847368421053,0.4102652315789474
393,I,-2.9385773,0.3388536789473684
394,N,-1.6430351,0.6756087052631579
395,G,-2.496948005263158,0.45364798947368423
396,K,-2.858071289473684,0.3597798947368421
397,L,-2.0905518157894734,0.5592840368421053
398,N,-2.1793032421052634,0.536214552631579
399,R,-2.263333757894737,0.5143722052631579
400,L,-2.6332254684210525,0.4182249
401,I,-2.021743594736842,0.5771696
402,G,-2.0286242,0.5753811157894737
403,K,-1.6399925315789474,0.6763995631578947
404,T,-2.708181042105263,0.3987414157894737
405,N,-2.414368147368421,0.47511328421052634
406,E,-1.902425052631579,0.6081845210526315
407,K,-2.946096994736842,0.33689905263157893
408,F,-2.753688,0.3869126263157895
409,H,-3.5081231157894734,0.19080955263157895
410,Q,-3.464982547368421,0.20202324210526315
411,I,-3.4605748105263157,0.20316895263157897
412,E,-3.0732812210526315,0.3038395894736842
413,K,-3.068519205263158,0.3050773947368421
414,E,-2.6083720736842104,0.42468513157894733
415,F,-3.2819885105263156,0.24958953684210528
416,S,-2.3199265315789472,0.4996618368421053
417,E,-2.6642398105263156,0.41016321052631577
418,V,-2.9219505105263157,0.34317552631578946
419,E,-3.2481592105263157,0.2583829157894737
420,G,-3.4819499842105266,0.19761282631578947
421,R,-3.425382894736842,0.21231652105263157
422,I,-3.439827147368421,0.2085619736842105
423,Q,-3.2218916684210526,0.26521074210526313
424,D,-2.9105046105263157,0.3461507052631579
425,L,-3.4491682210526315,0.2061339105263158
426,E,-3.714541605263158,0.13715443684210527
427,K,-2.503439131578947,0.4519607315789474
428,Y,-3.839147221052632,0.10476524210526315
429,V,-3.6559460578947367,0.1523853947368421
430,E,-3.2991213947368423,0.24513612105263158
431,D,-3.106978621052632,0.29508051578947364
432,T,-3.6928560368421053,0.14279124210526317
433,K,-3.2529585052631576,0.2571354157894737
434,I,-2.861552210526316,0.35887508421052633
435,D,-3.1873526421052634,0.2741885894736842
436,L,-3.5385313157894736,0.18290543684210525
437,W,-3.5907813105263156,0.1693238947368421
438,S,-2.8278325631578944,0.36763997368421053
439,Y,-3.143896468421053,0.2854843157894737
440,N,-2.924013594736842,0.3426392842105263
441,A,-2.849205142105263,0.36208450000000003
442,E,-2.4500824999999997,0.4658299263157895
443,L,-2.926365557894737,0.3420279263157895
444,L,-2.778341105263158,0.38050445789473686
445,V,-2.882797289473684,0.35335277894736844
446,A,-2.819789868421053,0.3697305263157895
447,L,-3.294438226315789,0.2463534421052632
448,E,-2.6288680578947368,0.41935753684210525
449,N,-2.8543448894736843,0.36074852105263155
450,Q,-2.7637229684210527,0.38430419473684213
451,H,-2.7437675421052634,0.3894912789473684
452,T,-2.8923710052631577,0.3508642421052632
453,I,-2.6306839736842105,0.4188855105263158
454,D,-2.4026626210526314,0.4781559368421052
455,L,-2.682373463157895,0.40544967368421053
456,T,-2.739738136842105,0.3905386684210526
457,D,-2.2958681052631578,0.5059154263157895
458,S,-2.3935669473684213,0.4805202157894737
459,E,-2.077269347368421,0.5627366
460,M,-2.6414125157894737,0.41609681052631575
461,N,-2.0595619684210527,0.5673393368421052
462,K,-1.877584905263158,0.6146412947368421
463,L,-2.283798957894737,0.5090526
464,F,-2.5659175684210527,0.43572048421052634
465,E,-2.2390759736842103,0.5206776210526316
466,K,-1.4850498210526315,0.7166743842105263
467,T,-2.6322133,0.4184879736842106
468,K,-1.9208981473684208,0.6033827421052632
469,K,-1.9644144578947367,0.5920714
470,Q,-2.3051619315789473,0.5034996421052632
471,L,-2.3884822157894736,0.4818419
472,R,-1.796691042105263,0.635668347368421
473,E,-2.269069647368421,0.5128812473684211
474,N,-2.381435110526316,0.48367368947368417
475,A,-2.749937215789474,0.3878875789473684
476,E,-2.2055943263157896,0.5293806263157894
477,D,-2.615437294736842,0.42284863157894736
478,M,-2.2989562684210525,0.5051127105263158
479,G,-2.9221283684210526,0.3431293105263158
480,N,-2.544423647368421,0.44130747894736844
481,G,-3.2653277,0.25392024736842106
482,C,-3.0827388894736845,0.3013812157894737
483,F,-2.7847879157894737,0.37882872105263155
484,K,-1.734871510526316,0.6517373157894737
485,I,-2.6209632,0.42141227894736843
486,Y,-2.3928454473684213,0.4807077421052631
487,H,-1.9100991157894738,0.6061897631578947
488,K,-1.4488361315789475,0.7260875421052632
489,C,-2.592337757894737,0.4288529789473684
490,D,-1.6051237263157894,0.6854631315789474
491,N,-1.721208642105263,0.6552887526315789
492,A,-1.3777720368421051,0.7445594789473684
493,C,-2.5244832473684213,0.44649065789473685
494,I,-2.0197813947368424,0.5776796631578948
495,G,-1.7837170894736845,0.6390407052631579
496,S,-2.2803002,0.5099620421052632
497,I,-2.4823045736842104,0.45745432631578953
498,R,-1.6706947789473685,0.6684190157894737
499,N,-1.9320460526315788,0.6004850210526316
500,G,-2.048557778947368,0.5701997157894737
501,T,-1.624632,0.6803922894736842
502,Y,-2.688215584210526,0.4039311052631579
503,D,-1.1866371578947368,0.7942418842105262
504,H,-2.005135394736842,0.581486647368421
505,N,-1.1661578578947367,0.7995651368421053
506,V,-1.4903058736842105,0.7153081578947368
507,Y,-2.088838705263158,0.5597293368421052
508,R,-1.6169268421052632,0.6823951052631579
509,D,-1.2758100789473685,0.7710628263157894
510,E,-2.072628289473684,0.5639429631578947
511,A,-2.3431973999999998,0.4936129526315789
512,L,-1.8951634789473684,0.6100720368421053
513,N,-1.633040294736842,0.6782066789473685
514,N,-1.6367350578947368,0.6772462894736841
515,R,-2.3768996368421056,0.48485260526315793
516,F,-2.3787837631578945,0.48436286315789473
517,Q,-1.5392766631578947,0.702579005263158
518,I,-1.9172844315789475,0.6043220631578947
519,K,-1.5027479789473683,0.7120740473684211
520,G,-2.3201484,0.49960416842105265
521,V,-2.096513505263158,0.5577343894736843
522,E,-1.8916822368421053,0.6109769421052631
523,L,-2.276491747368421,0.510952
524,K,-1.9672576789473684,0.5913323368421053
525,S,-2.3640019736842106,0.48820514210526317
526,G,-2.167620747368421,0.5392512263157895
527,Y,-2.2430309368421053,0.5196495789473685
528,K,-2.2650974684210525,0.5139137526315789
529,D,-1.975046752631579,0.5893077
530,W,-2.584347657894737,0.43092987894736845
531,I,-2.1805863105263157,0.535881047368421
532,L,-2.1723644421052635,0.5380181842105263
533,W,-2.3547812105263155,0.49060191578947365
534,I,-2.3705934631578947,0.4864918
535,S,-2.7611891105263155,0.38496284210526316
536,F,-2.4076247421052632,0.4768661105263158
537,A,-2.153934310526316,0.5428087894736842
538,I,-1.9944625105263158,0.5842608842105264
539,S,-2.830810984210526,0.36686577894736844
540,C,-2.388025789473684,0.4819605421052631
541,F,-2.426690457894737,0.4719103105263158
542,L,-2.237071952631579,0.5211985210526315
543,L,-2.2062001789473684,0.5292231368421053
544,C,-2.2008810052631578,0.5306057736842105
545,V,-1.9268038842105262,0.6018476421052632
546,A,-2.034285963157895,0.5739094421052632
547,L,-1.984135163157895,0.5869453
548,L,-2.2996003842105264,0.5049452894736842
549,G,-2.6124434736842104,0.42362682105263155
550,F,-2.0229358315789474,0.5768597052631579
551,I,-2.0390521631578946,0.5726705315789474
552,M,-1.873043489473684,0.6158217842105264
553,W,-2.3085575210526317,0.5026170105263158
554,A,-1.9128726842105261,0.6054688210526316
555,C,-2.0167251842105265,0.5784740631578947
556,Q,-2.036560805263158,0.5733181157894737
557,K,-1.947655947368421,0.5964274789473684
558,G,-2.8950277736842107,0.3501736631578948
559,N,-2.515616694736842,0.44879536842105267
560,I,-2.1462357789473683,0.5448099105263158
561,R,-1.7539648736842106,0.6467743210526316
562,C,-2.404652494736842,0.47763869999999997
563,N,-2.0803956,0.5619239894736843
564,I,-2.2272703684210526,0.5237462894736842
565,C,-2.343887868421053,0.4934334736842105
566,I,-2.138308552631579,0.546870452631579
