i,wt,fitness_eve,dissimilarity_charge_hydro,accessibility_wcn,evescape
1,M,-11.263058289473685,-0.6110760473684211,,-1.9709234
2,K,-11.1885055,1.6111617684210529,,-1.6295038421052632
3,A,-11.04158089473684,-0.6188332684210526,,-1.9151428578947367
4,I,-10.993450052631578,0.013380184210526365,,-1.8119463894736842
5,I,-11.545455210526317,0.013380184210526365,,-1.9598055315789475
6,V,-11.111999500000001,-0.304665847368421,,-1.8883455526315789
7,L,-11.530337684210526,-0.3182409789473684,,-2.0043305
8,L,-11.818882973684211,-0.3182409789473684,,-2.0956542684210526
9,M,-11.476565736842105,-0.6110760473684211,,-2.0297734315789473
10,V,-10.661319210526315,-0.304665847368421,,-1.8074765210526318
11,V,-10.735563663157894,-0.304665847368421,,-1.8228365789473686
12,T,-11.814761552631579,-0.7002840789473684,,-2.1377632
13,S,-11.761378236842106,-0.669255205263158,,-2.1128317894736846
14,N,-10.706510810526316,-0.3977524894736842,,-1.8066515105263157
15,A,-11.63381794736842,-0.6188332684210526,,-2.077763089473684
16,D,-12.700686815789474,1.2102503,-0.8230979,-1.612835252631579
17,R,-12.633258947368422,2.8329239736842107,-0.8436255,-1.4249892789473684
18,I,-11.144948894736842,0.013380184210526365,-1.0770637,-1.5559448894736843
19,C,-12.654380394736842,-0.7177378263157895,-1.1621328,-2.2927422631578946
20,T,-11.826467394736841,-0.7002840789473684,-1.2234468,-2.1401140842105266
21,G,-12.808256394736842,-0.6711945052631579,-1.2296247,-2.5236472578947367
22,I,-12.646275552631579,0.013380184210526365,-1.2673044,-2.460645110526316
23,T,-12.656972842105263,-0.7002840789473684,-1.1571923,-2.274094089473684
24,S,-12.567129105263158,-0.669255205263158,-1.0372292,-2.015562736842105
25,S,-12.280880552631578,-0.669255205263158,-0.9927645,-1.851759257894737
26,N,-12.609069868421052,-0.3977524894736842,-0.7621177,-1.7655180263157895
27,S,-12.594990000000001,-0.669255205263158,-1.0514653,-2.0482129631578947
28,P,-12.364999842105263,-0.7216164368421053,-0.884455,-1.7901814789473682
29,H,-12.368999315789473,0.7326565631578947,-1.0192016,-1.6928181789473686
30,V,-12.337081157894737,-0.304665847368421,-0.9773061000000001,-1.814091452631579
31,V,-12.959970631578948,-0.304665847368421,-1.2554006,-2.616886294736842
32,K,-12.748939947368422,1.6111617684210529,-1.0497448,-1.7955751
33,T,-12.659680868421054,-0.7002840789473684,-1.1972309,-2.3677777263157895
34,A,-12.051484789473683,-0.6188332684210526,-1.0581007,-1.873820957894737
35,T,-12.022974868421052,-0.7002840789473684,-1.0464294,-1.8481090210526316
36,Q,-12.434721315789474,-0.33957332631578946,-1.0999201,-1.9997887842105262
37,G,-11.847672263157895,-0.6711945052631579,-0.9544474,-1.6795555894736842
38,E,-12.634405894736842,1.0919526894736842,-0.9280311,-1.6720508842105264
39,V,-12.629343131578947,-0.304665847368421,-1.1261541,-2.1521759263157896
40,N,-12.768034157894737,-0.3977524894736842,-0.908627,-1.9173449684210526
41,V,-13.055355631578948,-0.304665847368421,-1.242929,-2.625658368421053
42,T,-13.037584736842106,-0.7002840789473684,-1.1965468,-2.5416960894736844
43,G,-12.552082157894738,-0.6711945052631579,-1.1525047,-2.222956605263158
44,V,-12.359612710526315,-0.304665847368421,-1.1736476,-2.1427985263157896
45,I,-12.751031052631578,0.013380184210526365,-1.1170877,-2.140322642105263
46,P,-12.466845052631578,-0.7216164368421053,-1.0196221,-1.9639987578947367
47,L,-12.600977789473683,-0.3182409789473684,-1.2632109,-2.478341415789474
48,T,-12.54152307894737,-0.7002840789473684,-1.1802375,-2.276106052631579
49,T,-12.714609236842104,-0.7002840789473684,-1.0718573,-2.139208436842105
50,T,-12.023524210526315,-0.7002840789473684,-1.0273821,-1.8217252526315788
51,P,-12.814555842105264,-0.7216164368421053,-1.1937531,-2.4354633
52,T,-12.649108868421052,-0.7002840789473684,-0.8479110000000001,-1.8840830052631579
53,K,-12.191910631578947,1.6111617684210529,-0.8136468,-1.3637815947368421
54,S,-12.54382005263158,-0.669255205263158,-0.9910288,-1.9470843736842105
55,H,-12.163962921052631,0.7326565631578947,-0.9664719999999999,-1.5878669421052631
56,F,-12.8569465,-0.196064752631579,-1.358661,-2.890780489473684
57,A,-12.89716847368421,-0.6188332684210526,-1.1968161,-2.4726142578947368
58,N,-12.723118868421054,-0.3977524894736842,-1.0587919,-2.0654064789473683
59,L,-12.450050736842105,-0.3182409789473684,-1.2907938,-2.499585305263158
60,K,-12.432148210526316,1.6111617684210529,-0.8784719000000001,-1.4820605578947368
61,G,-12.655177,-0.6711945052631579,-0.9373462,-1.9527218842105263
62,T,-12.493405105263157,-0.7002840789473684,-1.1241301,-2.135330668421053
63,E,-7.097572736842105,1.0919526894736842,-0.9845306000000001,-0.8244381736842105
64,T,-12.842220842105263,-0.7002840789473684,-1.2917261,-2.717885563157895
65,R,-12.619217684210527,2.8329239736842107,-1.4569479,-2.791542757894737
66,G,-12.590393052631578,-0.6711945052631579,-1.3373222,-2.762015652631579
67,K,-12.647991026315788,1.6111617684210529,-1.228571,-2.1192042947368424
68,L,-13.022403105263157,-0.3182409789473684,-1.5530346,-3.8070426473684207
69,C,-12.786569710526317,-0.7177378263157895,-1.3281304,-2.821933905263158
70,P,-13.036826684210526,-0.7216164368421053,-1.0813972,-2.310177794736842
71,K,-9.915353815789475,1.6111617684210529,-0.8618773,-0.8764378736842104
72,C,-13.034224631578947,-0.7177378263157895,-1.2685672,-2.7450481210526316
73,L,-11.192479184210526,-0.3182409789473684,-0.8148848,-1.3599719631578946
74,N,-12.961400210526316,-0.3977524894736842,-0.8477478000000002,-1.9657336421052634
75,C,-12.846024315789474,-0.7177378263157895,-1.3543472,-2.9412304631578947
76,T,-12.46229305263158,-0.7002840789473684,-1.4050255,-2.956117431578947
77,D,-12.767205500000001,1.2102503,-1.5252362,-3.3276300736842104
78,L,-12.575982289473686,-0.3182409789473684,-1.6395271,-4.022238605263158
79,D,-12.755448236842106,1.2102503,-1.5201491,-3.2993631368421052
80,V,-12.901778447368422,-0.304665847368421,-1.4724313,-3.3840065105263157
81,A,-12.675530736842106,-0.6188332684210526,-1.655936,-4.1894176684210525
82,L,-12.812374657894736,-0.3182409789473684,-1.6622576,-4.240344510526316
83,G,-11.908973973684212,-0.6711945052631579,-1.4862218,-3.1185425
84,R,-12.18848294736842,2.8329239736842107,-1.3920251,-2.3733400842105263
85,P,-12.426137815789474,-0.7216164368421053,-1.286773,-2.5276206421052634
86,K,-11.381476131578946,1.6111617684210529,-0.9268656000000001,-1.2182150421052633
87,C,-12.784780473684211,-0.7177378263157895,-1.4135626,-3.140205915789474
88,T,-9.703417368421054,-0.7002840789473684,-1.1247985,-1.4801670842105263
89,G,-13.011452184210526,-0.6711945052631579,-1.0893127,-2.3110804157894735
90,K,-5.765422636842105,1.6111617684210529,-0.8925537999999998,-0.6492765947368421
91,I,-11.36668957894737,0.013380184210526365,-1.3198699,-2.225630936842105
92,P,-12.713221578947369,-0.7216164368421053,-1.1092456,-2.209829231578947
93,S,-12.236382789473685,-0.669255205263158,-1.1182481,-2.042416747368421
94,A,-12.574575368421053,-0.6188332684210526,-1.3392818,-2.756026610526316
95,R,-7.4174290473684215,2.8329239736842107,-0.9568002,-0.6219869894736841
96,V,-10.557443642105262,-0.304665847368421,-1.3893123,-2.338705384210526
97,S,-12.630788684210525,-0.669255205263158,-1.5582391,-3.689201957894737
98,I,-12.321645657894736,0.013380184210526365,-1.4356647,-2.949874252631579
99,L,-12.751294473684212,-0.3182409789473684,-1.5310057,-3.578618573684211
100,H,-12.828809236842105,0.7326565631578947,-1.3625893,-2.7308284
101,E,-13.131582078947368,1.0919526894736842,-1.3772355,-2.891924352631579
102,V,-11.139067078947368,-0.304665847368421,-1.3371585,-2.2678664684210528
103,R,-10.421939194736842,2.8329239736842107,-1.3409627,-1.7374079210526316
104,P,-12.500896368421053,-0.7216164368421053,-1.5527333,-3.620928257894737
105,V,-12.383390657894736,-0.304665847368421,-1.3328588,-2.6152627157894734
106,T,-13.283864868421052,-0.7002840789473684,-1.5440648,-3.9385161789473684
107,S,-12.444220315789474,-0.669255205263158,-1.2172625,-2.320100831578947
108,G,-12.838607052631579,-0.6711945052631579,-1.3849023,-3.0481183736842103
109,C,-12.67900002631579,-0.7177378263157895,-1.5407292,-3.675959842105263
110,F,-13.16524147368421,-0.196064752631579,-1.4909871,-3.5760068421052633
111,P,-12.923574368421052,-0.7216164368421053,-1.4589442,-3.3880928842105265
112,I,-13.117030157894737,0.013380184210526365,-1.6160079,-4.105715415789473
113,M,-13.208236026315788,-0.6110760473684211,-1.5264763,-3.8166923894736846
114,H,-13.092040973684211,0.7326565631578947,-1.5622883,-3.7052472157894734
115,D,-12.944625157894738,1.2102503,-1.499022,-3.2913108105263156
116,R,-13.285349,2.8329239736842107,-1.5896255,-3.710259973684211
117,T,-13.018872736842106,-0.7002840789473684,-1.6610446,-4.374849363157895
118,K,-12.818192368421053,1.6111617684210529,-1.6180898,-3.7425896789473683
119,I,-12.709964184210525,0.013380184210526365,-1.6777701,-4.222883973684211
120,R,-12.47574657894737,2.8329239736842107,-1.5277273,-3.0697320157894734
121,Q,-12.797620315789473,-0.33957332631578946,-1.5837442,-3.8244253052631576
122,L,-13.043299578947368,-0.3182409789473684,-1.6804722,-4.440495378947368
123,P,-12.17909952631579,-0.7216164368421053,-1.6626736,-4.065770273684211
124,N,-13.017867157894736,-0.3977524894736842,-1.6014821,-4.022873431578947
125,L,-13.089487184210526,-0.3182409789473684,-1.5384862,-3.771640094736842
126,L,-12.92842497368421,-0.3182409789473684,-1.5871332,-3.9238336947368424
127,R,-13.184261921052633,2.8329239736842107,-1.5547761,-3.493340015789474
128,G,-13.034173157894736,-0.6711945052631579,-1.50845,-3.6562869052631575
129,Y,-13.007028736842106,-0.7216164368421053,-1.4450606,-3.3718175473684213
130,E,-12.859663947368421,1.0919526894736842,-1.1410177,-2.069697421052632
131,H,-9.893708847368421,0.7326565631578947,-1.1047372,-1.2520044736842104
132,V,-4.815124457894737,-0.304665847368421,-1.4098288,-2.0636580210526314
133,R,-12.177946394736841,2.8329239736842107,-1.0938575,-1.5395197210526317
134,L,-13.381315526315788,-0.3182409789473684,-1.2840558,-2.9135055631578948
135,S,-12.805680131578947,-0.669255205263158,-1.2633896,-2.606195447368421
136,T,-10.291709368421053,-0.7002840789473684,-0.8976025,-1.2849510157894737
137,H,-11.095169868421053,0.7326565631578947,-0.8085273,-1.1621856421052632
138,N,-12.853570289473685,-0.3977524894736842,-1.1432962,-2.275647915789474
139,V,-12.937448631578947,-0.304665847368421,-1.3656194,-2.972872331578947
140,I,-12.814276368421053,0.013380184210526365,-1.2326501,-2.4370328
141,N,-11.648376421052632,-0.3977524894736842,-0.944124,-1.5654229052631579
142,A,-13.045882447368422,-0.6188332684210526,-1.3525651,-3.018482147368421
143,E,-13.162838578947367,1.0919526894736842,-0.9243476,-1.9129076210526317
144,D,-3.9415893578947365,1.2102503,-0.8132043,-0.6367188526315789
145,A,-13.08414502631579,-0.6188332684210526,-1.2621987,-2.7394529631578948
146,P,-12.70822942105263,-0.7216164368421053,-1.0960268,-2.1889220684210526
147,G,-12.93408844736842,-0.6711945052631579,-1.1563073,-2.4024167736842106
148,R,-0.045442263157894805,2.8329239736842107,-1.0417631,-0.6652346421052632
149,P,-13.156192157894736,-0.7216164368421053,-0.8997959,-2.1580340210526314
150,Y,-12.98158347368421,-0.7216164368421053,-1.2802879,-2.756077647368421
151,E,-0.8102930684210525,1.0919526894736842,-0.9325205999999999,-0.726097847368421
152,I,-10.964544931578947,0.013380184210526365,-1.1573105,-1.6918978157894737
153,G,-13.076104447368422,-0.6711945052631579,-1.2369035,-2.6691398684210523
154,T,-13.097126184210525,-0.7002840789473684,-1.1302103,-2.4215921842105264
155,S,-12.38803905263158,-0.669255205263158,-1.3116408,-2.6026660631578946
156,G,-12.290273657894737,-0.6711945052631579,-1.1689438,-2.1743711315789476
157,S,-13.22690305263158,-0.669255205263158,-1.365585,-3.1503921157894736
158,C,-13.115921763157894,-0.7177378263157895,-1.46411,-3.505740584210526
159,P,-12.946815894736844,-0.7216164368421053,-1.074165,-2.2559362
160,N,-12.995120421052631,-0.3977524894736842,-0.9431956,-2.0525381578947366
161,I,-7.278898505263157,0.013380184210526365,-0.7781931,-0.8492461263157896
162,T,-13.076030552631579,-0.7002840789473684,-0.690631,-2.013416147368421
163,N,-11.651084394736843,-0.3977524894736842,-0.7426055,-1.4525172631578946
164,G,-11.615134810526316,-0.6711945052631579,-0.8832373,-1.580350757894737
165,N,-10.232222710526315,-0.3977524894736842,-0.993894,-1.3005764947368421
166,G,-13.004037894736841,-0.6711945052631579,-1.2062356,-2.552587636842105
167,F,-13.081748631578947,-0.196064752631579,-1.4708685,-3.4467433894736845
168,F,-13.452450342105262,-0.196064752631579,-1.5880518,-4.172255542105264
169,A,-11.783973921052631,-0.6188332684210526,-1.3191616,-2.4321477631578947
170,T,-13.176295184210526,-0.7002840789473684,-1.5765395,-4.037683594736842
171,M,-13.321398315789475,-0.6110760473684211,-1.6137213,-4.2881829
172,A,-13.26980755263158,-0.6188332684210526,-1.422357,-3.397384805263158
173,W,-12.858208894736842,-0.5044142684210526,-1.4148358,-3.1518406578947364
174,A,-13.148925763157894,-0.6188332684210526,-1.4161598,-3.3132404736842105
175,V,-12.908900157894736,-0.304665847368421,-1.2358772,-2.5361860263157894
176,P,-13.304735763157893,-0.7216164368421053,-1.1883169,-2.6600422263157895
177,K,-7.4151322578947365,1.6111617684210529,-0.7912053,-0.6245562842105263
178,N,-12.28112797368421,-0.3977524894736842,-0.71773,-1.6365772842105262
179,K,-12.742447894736841,1.6111617684210529,-0.6620396,-1.5256466736842105
180,T,-11.274773778947369,-0.7002840789473684,-0.6716011,-1.3827439
181,A,-13.000517131578947,-0.6188332684210526,-0.8132219,-2.0205861263157896
182,T,-11.589911184210527,-0.7002840789473684,-0.9525334999999999,-1.6113310105263157
183,N,-12.796720815789474,-0.3977524894736842,-0.8872949,-1.9146843210526316
184,P,-8.36474287368421,-0.7216164368421053,-1.1441273,-1.3946845894736843
185,L,-12.486360342105263,-0.3182409789473684,-1.1370718,-2.1346766736842104
186,T,-13.279306421052633,-0.7002840789473684,-0.8661110999999999,-2.189497057894737
187,I,-10.656680463157894,0.013380184210526365,-1.1166292,-1.5318024789473683
188,E,-12.982258131578947,1.0919526894736842,-1.1861536,-2.2281005473684212
189,V,-12.168964657894737,-0.304665847368421,-1.0384952,-1.8445294157894736
190,P,-12.90122902631579,-0.7216164368421053,-1.233239,-2.5777098894736845
191,Y,-11.987863631578946,-0.7216164368421053,-0.930779,-1.7284782736842108
192,I,-12.581427184210526,0.013380184210526365,-1.4285245,-3.017728652631579
193,C,-12.947480842105264,-0.7177378263157895,-1.074569,-2.2591428631578947
194,T,-11.843361236842105,-0.7002840789473684,-1.1196125,-1.9189376315789473
195,E,-11.928954978947369,1.0919526894736842,-1.1184114,-1.7132917368421052
196,G,-13.272088394736842,-0.6711945052631579,-1.3235942,-3.035297915789474
197,E,-12.811552394736843,1.0919526894736842,-0.9134276,-1.7366192315789473
198,D,-12.920808473684211,1.2102503,-0.7515527,-1.6818644210526317
199,Q,-12.968101184210527,-0.33957332631578946,-0.9901183,-2.077615405263158
200,I,-12.585304710526316,0.013380184210526365,-1.1966939,-2.2415973526315787
201,T,-12.76417944736842,-0.7002840789473684,-1.2511572,-2.559073052631579
202,V,-12.116737815789474,-0.304665847368421,-1.41932,-2.8719534789473684
203,W,-12.905617184210527,-0.5044142684210526,-1.5290924,-3.666745842105263
204,G,-12.937962736842104,-0.6711945052631579,-1.5663889,-3.878386131578947
205,F,-12.975910421052632,-0.196064752631579,-1.6358294,-4.1668583578947365
206,H,-13.170805210526316,0.7326565631578947,-1.6327929,-4.0849195210526315
207,S,-12.97563094736842,-0.669255205263158,-1.660707,-4.3452223000000005
208,D,-13.256675342105263,1.2102503,-1.6123955,-3.9750988052631575
209,N,-9.585266084210526,-0.3977524894736842,-1.4608679,-2.4754793263157895
210,E,-11.924987794736841,1.0919526894736842,-1.4922702,-2.9187977842105264
211,T,-9.96561797894737,-0.7002840789473684,-1.3612853,-2.1846034105263157
212,Q,-12.827691394736842,-0.33957332631578946,-1.0197145,-2.0478288263157896
213,M,-12.842487631578948,-0.6110760473684211,-0.9383582,-2.0304005684210527
214,A,-9.843146094736841,-0.6188332684210526,-0.84108,-1.1775010894736841
215,K,-10.10424172631579,1.6111617684210529,-1.0957899,-1.1577396263157895
216,L,-13.04989144736842,-0.3182409789473684,-1.3879367,-3.1102523842105265
217,Y,-12.957548552631579,-0.7216164368421053,-0.9607182000000001,-2.1172058263157894
218,G,-13.083579605263157,-0.6711945052631579,-0.8282212,-2.0743301421052633
219,D,-12.922141631578947,1.2102503,-1.225422,-2.283563868421053
220,S,-13.152244157894737,-0.669255205263158,-1.387618,-3.1953545736842104
221,K,-11.475614921052632,1.6111617684210529,-1.0668147,-1.4154917684210526
222,P,-13.034709842105263,-0.7216164368421053,-1.2420726,-2.6659397368421054
223,Q,-12.954470973684211,-0.33957332631578946,-1.041321,-2.1365996157894735
224,K,-12.983205631578947,1.6111617684210529,-1.1443939,-2.0720682789473686
225,F,-12.780687894736841,-0.196064752631579,-1.3919771,-2.981762105263158
226,T,-13.272746842105263,-0.7002840789473684,-1.3935993,-3.2865709947368424
227,S,-13.478962236842104,-0.669255205263158,-1.3179007,-3.1112557631578945
228,S,-12.253305631578947,-0.669255205263158,-1.5108855,-3.3328763526315788
229,A,-12.095825236842106,-0.6188332684210526,-1.3295327,-2.5835987210526317
230,N,-12.848645631578947,-0.3977524894736842,-1.5572674,-3.732138594736842
231,G,-12.977654578947368,-0.6711945052631579,-1.2076944,-2.5446496526315787
232,V,-12.509669289473685,-0.304665847368421,-1.4376213,-3.089358578947368
233,T,-12.77046602631579,-0.7002840789473684,-1.231066,-2.505425484210526
234,T,-12.940487605263158,-0.7002840789473684,-1.0553396,-2.218482794736842
235,H,-13.090903815789474,0.7326565631578947,-1.2761483,-2.5636649
236,Y,-12.285458315789475,-0.7216164368421053,-1.1904471,-2.229054552631579
237,V,-12.227780000000001,-0.304665847368421,-1.5299114,-3.3777054421052632
238,S,-12.278805342105263,-0.669255205263158,-1.4011188,-2.8862715736842106
239,Q,-12.99235452631579,-0.33957332631578946,-1.6132818,-4.058024426315789
240,I,-11.972913236842105,0.013380184210526365,-1.5262443,-3.2437854789473684
241,G,-13.320730131578948,-0.6711945052631579,-1.5133919,-3.8212618
242,G,-12.649224368421052,-0.6711945052631579,-1.4602988,-3.282470210526316
243,F,-12.844524157894737,-0.196064752631579,-1.3301646,-2.7843575473684212
244,P,-13.037526999999999,-0.7216164368421053,-1.2269529,-2.6257594263157897
245,N,-11.666401136842104,-0.3977524894736842,-1.167649,-1.920730052631579
246,Q,-13.380785473684211,-0.33957332631578946,-1.4211095,-3.383632531578947
247,T,-11.902973421052632,-0.7002840789473684,-1.3147472,-2.4765338210526315
248,E,-13.028535605263157,1.0919526894736842,-0.8960529,-1.8248580368421055
249,D,-12.70528697368421,1.2102503,-1.2009478,-2.1214385
250,G,-11.880429,-0.6711945052631579,-1.1962677,-2.117900842105263
251,G,-12.980227710526316,-0.6711945052631579,-1.3714959,-3.062632842105263
252,L,-12.921251868421052,-0.3182409789473684,-1.2956568,-2.7228920157894736
253,P,-11.403134105263158,-0.7216164368421053,-1.3021488,-2.2709232263157895
254,Q,-13.253623657894737,-0.33957332631578946,-1.0752774,-2.3340012736842106
255,S,-13.345414105263158,-0.669255205263158,-0.9856469999999999,-2.3193137315789474
256,G,-12.983584710526316,-0.6711945052631579,-0.8639301000000001,-2.046867410526316
257,R,-12.906596921052632,2.8329239736842107,-1.2375623,-2.140490257894737
258,I,-12.872166684210526,0.013380184210526365,-1.1343251,-2.2302653578947367
259,V,-12.40566847368421,-0.304665847368421,-1.3861253,-2.8546827
260,V,-12.231708789473684,-0.304665847368421,-1.3741243,-2.7352273
261,D,-12.87034847368421,1.2102503,-1.588939,-3.673736884210526
262,Y,-13.268445499999999,-0.7216164368421053,-1.6291829,-4.348914021052631
263,M,-12.2889885,-0.6110760473684211,-1.7021763999999997,-4.302980710526316
264,V,-11.827514536842106,-0.304665847368421,-1.6781191,-3.9718762052631575
265,Q,-13.072085710526316,-0.33957332631578946,-1.6289228,-4.17369502631579
266,K,-12.934155842105264,1.6111617684210529,-1.5648646,-3.540166268421052
267,S,-11.143153110526315,-0.669255205263158,-1.4230725,-2.645434784210526
268,G,-12.670654315789474,-0.6711945052631579,-1.4301467,-3.1702072157894734
269,K,-12.703565105263158,1.6111617684210529,-1.1420353,-1.9374321842105262
270,T,-12.361116105263159,-0.7002840789473684,-1.0065279,-1.9188129947368422
271,G,-12.861883815789474,-0.6711945052631579,-0.9912785,-2.100209694736842
272,T,-13.350422236842107,-0.7002840789473684,-0.9031259,-2.252016731578947
273,I,-12.807443684210526,0.013380184210526365,-1.0630142,-2.073913510526316
274,T,-11.257558736842105,-0.7002840789473684,-1.3520939,-2.4170718842105265
275,Y,-13.13156294736842,-0.7216164368421053,-1.1854116,-2.5693382842105263
276,Q,-13.07115097368421,-0.33957332631578946,-1.4821018,-3.4853190789473687
277,R,-12.537726078947367,2.8329239736842107,-1.2762613,-2.1138050157894734
278,G,-12.418714052631579,-0.6711945052631579,-1.4017561,-2.954897905263158
279,I,-11.205621078947368,0.013380184210526365,-1.3090969,-2.165348184210526
280,L,-12.432450157894737,-0.3182409789473684,-1.261604,-2.429641547368421
281,L,-12.528037736842105,-0.3182409789473684,-1.4734277,-3.2481902736842105
282,P,-12.312577052631578,-0.7216164368421053,-1.5245204,-3.437028436842105
283,Q,-12.625009710526315,-0.33957332631578946,-1.5778192,-3.7408207789473686
284,K,-12.311507368421053,1.6111617684210529,-1.4862903,-2.9436206157894738
285,V,-12.273649552631579,-0.304665847368421,-1.5017295,-3.266429947368421
286,W,-12.859721973684211,-0.5044142684210526,-1.351645,-2.911479884210526
287,C,-13.172896526315789,-0.7177378263157895,-1.1905476,-2.6012170631578946
288,A,-13.127097605263158,-0.6188332684210526,-1.4775542,-3.5588477
289,S,-13.002001315789474,-0.669255205263158,-1.4934304,-3.5615781684210526
290,G,-12.811102578947368,-0.6711945052631579,-1.3771726,-3.005266052631579
291,R,-13.037845131578948,2.8329239736842107,-1.4403664,-2.9153878210526316
292,S,-13.257700026315788,-0.669255205263158,-1.1480915,-2.5315571842105262
293,K,-13.048333394736842,1.6111617684210529,-1.1358847,-2.084918163157895
294,V,-13.05870944736842,-0.304665847368421,-1.1454252,-2.389176742105263
295,I,-13.196989263157894,0.013380184210526365,-1.4410045,-3.3456539000000003
296,K,-12.940924421052632,1.6111617684210529,-1.258105,-2.335844405263158
297,G,-13.182527315789473,-0.6711945052631579,-1.5128415,-3.7484803263157893
298,S,-13.259640315789474,-0.669255205263158,-1.4663231,-3.570361910526316
299,L,-13.110791684210525,-0.3182409789473684,-1.4149113,-3.2459852789473684
300,P,-13.194869210526315,-0.7216164368421053,-1.3981543,-3.2717183842105264
301,L,-13.471634763157894,-0.3182409789473684,-1.1108662,-2.5314830473684213
302,I,-12.840116815789473,0.013380184210526365,-1.1995791,-2.3618709789473686
303,G,-12.68570747368421,-0.6711945052631579,-0.9066041,-1.9551370315789471
304,E,-13.095777052631579,1.0919526894736842,-1.2416576,-2.4271942263157897
305,A,-12.382173210526316,-0.6188332684210526,-0.8951540000000001,-1.8184086789473684
306,D,-13.061224657894737,1.2102503,-0.9053425,-1.8332133
307,C,-13.09637457894737,-0.7177378263157895,-0.8647377,-2.1066218736842104
308,L,-13.025181868421052,-0.3182409789473684,-1.2314402,-2.5811829105263158
309,H,-13.460773657894736,0.7326565631578947,-1.0600389,-2.2608041789473687
310,E,-12.738759894736843,1.0919526894736842,-1.4267254,-2.9011680736842105
311,K,-13.106692605263158,1.6111617684210529,-1.3957787,-2.887398442105263
312,Y,-13.030064657894735,-0.7216164368421053,-1.3680164,-3.0780399789473685
313,G,-13.398999736842105,-0.6711945052631579,-1.4272649,-3.48991742631579
314,G,-13.082760421052631,-0.6711945052631579,-1.2193889,-2.6249417
315,L,-13.030700736842105,-0.3182409789473684,-1.1941127,-2.4880974
316,N,-12.977429842105263,-0.3977524894736842,-1.3061641,-2.7698362368421052
317,K,-12.388058236842106,1.6111617684210529,-1.3051445,-2.2640214736842106
318,S,-13.036222631578948,-0.669255205263158,-1.2833969,-2.7750382157894737
319,K,-12.968528342105264,1.6111617684210529,-0.9633681,-1.7916405631578949
320,P,-13.538561263157895,-0.7216164368421053,-1.0961595,-2.5914644315789475
321,Y,-12.901807342105263,-0.7216164368421053,-0.9642618,-2.094499205263158
322,Y,-12.848902631578948,-0.7216164368421053,-1.0417893,-2.163924447368421
323,T,-13.114514815789473,-0.7002840789473684,-1.2015195,-2.590758747368421
324,G,-13.333801315789474,-0.6711945052631579,-1.3117343,-3.0273582526315788
325,E,-13.132218315789473,1.0919526894736842,-1.3109729,-2.6565693473684213
326,H,-13.034199052631578,0.7326565631578947,-1.1831553,-2.283489884210526
327,A,-12.989132605263158,-0.6188332684210526,-1.1476109,-2.403941031578947
328,K,-13.133172236842105,1.6111617684210529,-1.0792979,-2.0229760999999997
329,A,-12.982765631578948,-0.6188332684210526,-1.3421704,-2.9514237842105264
330,I,-13.240802973684211,0.013380184210526365,-1.3601569,-3.0505405894736843
331,G,-13.117213315789474,-0.6711945052631579,-1.4285693,-3.3529222210526313
332,N,-12.294905868421052,-0.3977524894736842,-1.4190674,-2.908538610526316
333,C,-13.033312315789473,-0.7177378263157895,-1.4411679,-3.3685192421052634
334,P,-13.07682405263158,-0.7216164368421053,-1.284446,-2.811592752631579
335,I,-12.672366447368422,0.013380184210526365,-1.0707168,-2.037550105263158
336,W,-13.371148368421052,-0.5044142684210526,-1.3952902,-3.326026968421053
337,V,-13.41442552631579,-0.304665847368421,-1.2763371,-2.905023642105263
338,K,-13.159815736842106,1.6111617684210529,-1.2604064,-2.4478940631578947
339,T,-13.046409289473685,-0.7002840789473684,-1.2705292,-2.7477513315789475
340,P,-13.357624157894737,-0.7216164368421053,-1.3209666,-3.0716206789473683
341,L,-12.840052684210526,-0.3182409789473684,-1.1675609,-2.335494952631579
342,K,-12.366297578947368,1.6111617684210529,-1.1105182,-1.761833905263158
343,L,-12.517774105263157,-0.3182409789473684,-1.0816304,-2.0473906263157895
344,A,-13.179787052631578,-0.6188332684210526,-1.2775515,-2.8345409
345,N,-13.199678078947368,-0.3977524894736842,-1.0992601,-2.3580727736842104
346,G,-13.454692736842105,-0.6711945052631579,-1.2912977,-3.0230993631578946
347,T,-12.338128342105264,-0.7002840789473684,-1.3468766,-2.710960884210526
348,K,-12.478775815789474,1.6111617684210529,-1.1341978,-1.8474623736842106
349,Y,-12.519238894736842,-0.7216164368421053,-1.3033807,-2.644334636842105
350,R,-12.596544789473684,2.8329239736842107,-1.2756718,-2.136021568421053
351,P,-13.088359578947369,-0.7216164368421053,-1.1013518,-2.370307215789474
352,P,-12.545779631578947,-0.7216164368421053,-0.9203436,-1.9139655684210526
353,A,-13.037883552631579,-0.6188332684210526,-1.1950518,-2.5354802947368418
354,K,-13.077726736842106,1.6111617684210529,-0.8865544,-1.7783278210526319
355,L,-13.304102789473683,-0.3182409789473684,-0.8320873,-2.138430294736842
356,L,-13.249649921052631,-0.3182409789473684,-0.7934613,-2.0913472684210523
357,K,-13.100235763157894,1.6111617684210529,,-2.3446640000000003
358,E,-12.901926263157895,1.0919526894736842,,-2.313309968421053
359,R,-12.383715263157896,2.8329239736842107,,-1.9263347421052632
360,G,-12.665299263157895,-0.6711945052631579,,-2.4718989631578947
361,F,-12.598038552631579,-0.196064752631579,,-2.3766917263157894
362,F,-12.355918368421053,-0.196064752631579,,-2.274783857894737
363,G,-12.499328578947368,-0.6711945052631579,,-2.400815336842105
364,A,-12.548468315789473,-0.6188332684210526,,-2.4153751
365,I,-11.436404526315789,0.013380184210526365,,-1.9617177894736841
366,A,-11.372818710526317,-0.6188332684210526,,-2.0349942157894736
367,G,-11.65804247368421,-0.6711945052631579,,-2.114582752631579
368,F,-10.02821105263158,-0.196064752631579,,-1.7005936578947367
369,L,-10.967625631578947,-0.3182409789473684,,-1.8930529684210526
370,E,-10.720343478947369,1.0919526894736842,,-1.617729247368421
371,G,-11.177053289473685,-0.6711945052631579,,-1.9663359684210528
372,G,-11.242932868421052,-0.6711945052631579,,-1.9824376105263157
373,W,-11.62574842105263,-0.5044142684210526,,-2.059701805263158
374,E,-11.398752263157894,1.0919526894736842,,-1.7486274631578946
375,G,-11.952154736842104,-0.6711945052631579,,-2.1894231894736844
376,M,-11.935039263157895,-0.6110760473684211,,-2.176447152631579
377,I,-11.577765105263158,0.013380184210526365,,-1.9688932421052632
378,A,-10.780877315789473,-0.6188332684210526,,-1.8704526210526315
379,G,-11.481997789473684,-0.6711945052631579,,-2.038434610526316
380,W,-11.823023710526316,-0.5044142684210526,,-2.1234019052631576
381,H,-11.742360947368422,0.7326565631578947,,-1.8909985684210524
382,G,-10.636696368421052,-0.6711945052631579,,-1.8510375736842104
383,Y,-10.813752947368421,-0.7216164368421053,,-1.8938001684210526
384,T,-10.588128368421053,-0.7002840789473684,,-1.8369846842105264
385,S,-10.856483868421051,-0.669255205263158,,-1.8873171315789474
386,H,-10.6364585,0.7326565631578947,,-1.6244187105263157
387,G,-11.84402952631579,-0.6711945052631579,,-2.1525343263157892
388,A,-11.68023997368421,-0.6188332684210526,,-2.092735136842105
389,H,-11.629709447368421,0.7326565631578947,,-1.854867152631579
390,G,-11.69055810526316,-0.6711945052631579,,-2.1016277947368422
391,V,-11.316078710526316,-0.304665847368421,,-1.9517196263157894
392,A,-11.675701,-0.6188332684210526,,-2.091474394736842
393,V,-11.637001447368421,-0.304665847368421,,-2.0353053526315787
394,A,-11.556216631578948,-0.6188332684210526,,-2.0543740789473683
395,A,-11.71862147368421,-0.6188332684210526,,-2.1051443
396,D,-11.577068210526315,1.2102503,,-1.7862029526315788
397,L,-11.7685225,-0.3182409789473684,,-2.0788351421052633
398,K,-11.664557157894738,1.6111617684210529,,-1.7642102789473684
399,S,-11.410666921052632,-0.669255205263158,,-2.005826994736842
400,T,-11.689443421052632,-0.7002840789473684,,-2.096818263157895
401,Q,-11.559287684210526,-0.33957332631578946,,-1.9899601842105263
402,E,-11.730481631578948,1.0919526894736842,,-1.8497507842105263
403,A,-11.725515157894737,-0.6188332684210526,,-2.107442247368421
404,I,-11.684322921052631,0.013380184210526365,,-2.0022040894736843
405,N,-11.333133105263158,-0.3977524894736842,,-1.9402628894736842
406,K,-11.65351305263158,1.6111617684210529,,-1.7606808473684212
407,I,-11.313589026315789,0.013380184210526365,,-1.8929076210526317
408,T,-11.549759763157894,-0.7002840789473684,,-2.054387010526316
409,K,-11.850418868421054,1.6111617684210529,,-1.8249899631578947
410,N,-11.761217631578948,-0.3977524894736842,,-2.062725263157895
411,L,-11.808831526315789,-0.3182409789473684,,-2.092015063157895
412,N,-11.926645421052632,-0.3977524894736842,,-2.118812457894737
413,S,-11.622189157894738,-0.669255205263158,,-2.068818468421053
414,L,-11.631212631578947,-0.3182409789473684,,-2.0346781684210526
415,S,-11.431171631578948,-0.669255205263158,,-2.011830405263158
416,E,-11.645501315789474,1.0919526894736842,,-1.822134057894737
417,L,-11.581687631578948,-0.3182409789473684,,-2.019654752631579
418,E,-11.44953352631579,1.0919526894736842,,-1.7630338842105262
419,V,-11.669028736842105,-0.304665847368421,,-2.044942605263158
420,K,-11.599599736842105,1.6111617684210529,,-1.7444118684210526
421,N,-11.720128105263157,-0.3977524894736842,,-2.050032426315789
422,L,-11.727429815789474,-0.3182409789473684,,-2.065267663157895
423,Q,-11.995428763157895,-0.33957332631578946,,-2.133491405263158
424,R,-11.778121210526315,2.8329239736842107,,-1.6804274157894736
425,L,-11.750986263157895,-0.3182409789473684,,-2.0730201684210527
426,S,-11.795940131578947,-0.669255205263158,,-2.1248169000000003
427,G,-11.61552657894737,-0.6711945052631579,,-2.078202952631579
428,A,-10.88193552631579,-0.6188332684210526,,-1.8951102578947367
429,M,-11.642770789473685,-0.6110760473684211,,-2.0797261631578947
430,D,-11.635501236842105,1.2102503,,-1.8040742947368422
431,E,-10.830409052631579,1.0919526894736842,,-1.6231029157894736
432,L,-10.625783842105264,-0.3182409789473684,,-1.8015732105263158
433,H,-11.657473868421054,0.7326565631578947,,-1.863804705263158
434,N,-11.271429789473684,-0.3977524894736842,,-1.9177895894736843
435,E,-11.571741973684212,1.0919526894736842,,-1.7996178684210526
436,I,-11.812365052631579,0.013380184210526365,,-2.044346794736842
437,L,-11.403744368421053,-0.3182409789473684,,-1.9672830000000001
438,E,-11.556065657894736,1.0919526894736842,,-1.7949915789473683
439,L,-11.516871447368421,-0.3182409789473684,,-2.000934663157895
440,D,-11.658832684210527,1.2102503,,-1.8114267421052632
441,E,-11.469591631578949,1.0919526894736842,,-1.7691293315789474
442,K,-11.552393815789474,1.6111617684210529,,-1.7299467736842107
443,V,-11.587106763157896,-0.304665847368421,,-2.019595852631579
444,D,-11.319371315789473,1.2102503,,-1.7119896894736841
445,D,-11.558924631578948,1.2102503,,-1.7806143736842106
446,L,-11.607229210526315,-0.3182409789473684,,-2.027642757894737
447,R,-11.374710894736841,2.8329239736842107,,-1.5581354578947368
448,A,-11.656407368421053,-0.6188332684210526,,-2.085363905263158
449,D,-11.50535494736842,1.2102503,,-1.764552457894737
450,T,-11.627688868421052,-0.7002840789473684,,-2.0777311842105264
451,I,-11.311256842105264,0.013380184210526365,,-1.8926442315789476
452,S,-11.548314105263158,-0.669255205263158,,-2.0468357684210527
453,S,-11.18955594736842,-0.669255205263158,,-1.946206405263158
454,Q,-11.768837342105263,-0.33957332631578946,,-2.0564155526315786
455,I,-11.677371315789474,0.013380184210526365,,-1.9998229526315792
456,E,-11.622989105263159,1.0919526894736842,,-1.8151097
457,L,-11.327607842105262,-0.3182409789473684,,-1.9465239157894738
458,A,-11.597717289473684,-0.6188332684210526,,-2.066907215789474
459,V,-11.363538184210526,-0.304665847368421,,-1.9545698789473682
460,L,-11.469100157894736,-0.3182409789473684,,-1.9863937315789473
461,L,-11.680336421052631,-0.3182409789473684,,-2.0502709473684213
462,S,-11.480732131578948,-0.669255205263158,,-2.026460889473684
463,N,-11.633368157894736,-0.3977524894736842,,-2.022750563157895
464,E,-11.453076789473684,1.0919526894736842,,-1.764396952631579
465,G,-11.280912710526316,-0.6711945052631579,,-1.9824196578947368
466,I,-11.22324094736842,0.013380184210526365,,-1.8688234736842106
467,I,-11.626471315789473,0.013380184210526365,,-1.9837374736842106
468,N,-11.581575105263157,-0.3977524894736842,,-2.006475115789474
469,S,-11.584765052631578,-0.669255205263158,,-2.0575326526315787
470,E,-11.208711315789474,1.0919526894736842,,-1.697602363157895
471,D,-11.509132894736842,1.2102503,,-1.7659945999999997
472,E,-11.317331368421051,1.0919526894736842,,-1.7264554157894736
473,H,-11.4337865,0.7326565631578947,,-1.7968640789473682
474,L,-11.565272368421052,-0.3182409789473684,,-2.0144619842105262
475,L,-11.365825421052632,-0.3182409789473684,,-1.9572025473684211
476,A,-11.406902210526317,-0.6188332684210526,,-2.011155515789474
477,L,-11.742393236842105,-0.3182409789473684,,-2.070086205263158
478,E,-11.431820578947368,1.0919526894736842,,-1.7587851894736843
479,R,-11.49493405263158,2.8329239736842107,,-1.5921072736842106
480,K,-11.396172789473685,1.6111617684210529,,-1.6847341210526314
481,L,-11.39073097368421,-0.3182409789473684,,-1.9637207421052632
482,K,-11.481394,1.6111617684210529,,-1.7090006052631581
483,K,-11.515159105263159,1.6111617684210529,,-1.7192364263157895
484,M,-11.495223184210527,-0.6110760473684211,,-2.0350094789473685
485,L,-11.42686702631579,-0.3182409789473684,,-1.9739146789473683
486,G,-11.59775252631579,-0.6711945052631579,,-2.073574110526316
487,P,-11.610724184210525,-0.7216164368421053,,-2.0790893368421055
488,S,-11.470655078947368,-0.669255205263158,,-2.023282510526316
489,A,-11.637165236842106,-0.6188332684210526,,-2.078929594736842
490,V,-11.146044157894737,-0.304665847368421,,-1.8972168631578945
491,E,-8.958576405263157,1.0919526894736842,,-1.3738891842105263
492,I,-11.495367710526317,0.013380184210526365,,-1.9444008052631578
493,G,-11.305436,-0.6711945052631579,,-1.9884943
494,N,-11.702771684210527,-0.3977524894736842,,-2.0444806157894733
495,G,-11.416153789473684,-0.6711945052631579,,-2.0199163526315793
496,C,-11.592853710526315,-0.7177378263157895,,-2.075781278947369
497,F,-11.33798697368421,-0.196064752631579,,-1.9309543315789472
498,E,-11.969167657894737,1.0919526894736842,,-1.9298989
499,T,-11.544163763157895,-0.7002840789473684,,-2.0522754368421054
500,K,-11.336930157894736,1.6111617684210529,,-1.668584152631579
501,H,-11.254513368421053,0.7326565631578947,,-1.746938805263158
502,K,-11.677018184210526,1.6111617684210529,,-1.7681700894736843
503,C,-11.551186078947367,-0.7177378263157895,,-2.0639577
504,N,-11.392468842105263,-0.3977524894736842,,-1.9509299578947368
505,Q,-11.462257921052633,-0.33957332631578946,,-1.9610256368421053
506,T,-11.783257868421053,-0.7002840789473684,,-2.1271576842105264
507,C,-11.565188815789474,-0.7177378263157895,,-2.067342594736842
508,L,-10.810913078947369,-0.3182409789473684,,-1.8393554947368422
509,D,-11.482277342105263,1.2102503,,-1.7577737999999998
510,R,-10.904489657894738,2.8329239736842107,,-1.4497511894736843
511,I,-11.360370842105263,0.013380184210526365,,-1.9056734052631579
512,A,-11.4654155,-0.6188332684210526,,-2.027534557894737
513,A,-11.34561642105263,-0.6188332684210526,,-1.993419363157895
514,G,-10.808153631578946,-0.6711945052631579,,-1.8816981631578948
515,T,-11.485120263157896,-0.7002840789473684,,-2.0348857842105263
516,F,-11.520800131578948,-0.196064752631579,,-1.983214252631579
517,D,-8.831748552631579,1.2102503,,-1.351813447368421
518,A,-11.589185131578947,-0.6188332684210526,,-2.064091563157895
519,G,-10.499566357894738,-0.6711945052631579,,-1.826051342105263
520,E,-11.158498736842105,1.0919526894736842,,-1.6860403157894737
521,F,-11.249951842105263,-0.196064752631579,,-1.9074687842105265
522,S,-11.406568131578947,-0.669255205263158,,-2.0046835684210524
523,L,-11.675145210526315,-0.3182409789473684,,-2.049199247368421
524,P,-11.192251105263159,-0.7216164368421053,,-1.9609744315789475
525,T,-11.411942342105263,-0.7002840789473684,,-2.0138362263157896
526,F,-11.592461842105264,-0.196064752631579,,-2.005333747368421
527,D,-11.335680447368421,1.2102503,,-1.7164247315789474
528,S,-11.387621447368423,-0.669255205263158,,-1.9993024
529,L,-11.52192444736842,-0.3182409789473684,,-2.0014720421052634
530,N,-11.132311342105263,-0.3977524894736842,,-1.885993742105263
531,I,-11.459032578947369,0.013380184210526365,,-1.9340183368421053
532,T,-11.67129694736842,-0.7002840789473684,,-2.0915541684210526
533,A,-11.266097184210526,-0.6188332684210526,,-1.9744508736842106
534,A,-11.513585157894736,-0.6188332684210526,,-2.0418777789473683
535,S,-10.475733631578947,-0.669255205263158,,-1.8076267842105262
536,L,-11.614967710526315,-0.3182409789473684,,-2.030147942105263
537,N,-11.577090657894736,-0.3977524894736842,,-2.005387994736842
538,D,-11.353342157894737,1.2102503,,-1.7229516
539,D,-11.290896842105264,1.2102503,,-1.7071502789473685
540,G,-11.682768078947367,-0.6711945052631579,,-2.0994724736842105
541,L,-11.335253289473684,-0.3182409789473684,,-1.9491642210526319
542,D,-11.384242078947368,1.2102503,,-1.729722657894737
543,N,-11.122349815789473,-0.3977524894736842,,-1.8798926368421052
544,H,-11.200108578947368,0.7326565631578947,,-1.7356319210526316
545,T,-11.31102544736842,-0.7002840789473684,,-1.9906303210526317
546,I,-11.50161902631579,0.013380184210526365,,-1.9464725684210524
547,L,-11.16350994736842,-0.3182409789473684,,-1.9066419263157897
548,L,-11.199295894736842,-0.3182409789473684,,-1.9123729105263159
549,Y,-11.40119694736842,-0.7216164368421053,,-2.019358936842105
550,Y,-11.128450105263157,-0.7216164368421053,,-1.9497891210526315
551,S,-11.457362078947368,-0.669255205263158,,-2.020186705263158
552,T,-11.343056131578948,-0.7002840789473684,,-1.995471263157895
553,A,-11.412575052631578,-0.6188332684210526,,-2.012690894736842
554,A,-11.286595394736842,-0.6188332684210526,,-1.9772816842105265
555,S,-11.382982710526315,-0.669255205263158,,-1.9987303210526317
556,S,-11.179192789473683,-0.669255205263158,,-1.9434292
557,L,-11.218425605263157,-0.3182409789473684,,-1.919257394736842
558,A,-11.150785789473684,-0.6188332684210526,,-1.9421189684210527
559,V,-11.402045052631578,-0.304665847368421,,-1.9653949263157895
560,T,-11.243411421052633,-0.7002840789473684,,-1.968204
561,L,-11.58021302631579,-0.3182409789473684,,-2.019274410526316
562,M,-11.268452000000002,-0.6110760473684211,,-1.972429705263158
563,I,-10.387040078947368,0.013380184210526365,,-1.7050515052631579
564,A,-11.462813552631578,-0.6188332684210526,,-2.0264809842105262
565,I,-11.22476047368421,0.013380184210526365,,-1.869491994736842
566,F,-11.268952921052632,-0.196064752631579,,-1.9139013631578947
567,V,-8.73519097368421,-0.304665847368421,,-1.5734160842105265
568,V,-11.280054947368422,-0.304665847368421,,-1.932064647368421
569,Y,-11.63300202631579,-0.7216164368421053,,-2.0885097736842106
570,M,-11.324032342105262,-0.6110760473684211,,-1.987156252631579
571,V,-11.051349868421052,-0.304665847368421,,-1.874289552631579
572,S,-11.511840842105263,-0.669255205263158,,-2.0361826210526317
573,R,-10.37686957894737,2.8329239736842107,,-1.3536732736842105
574,D,-10.270231510526315,1.2102503,,-1.5017116631578946
575,N,-11.405286368421054,-0.3977524894736842,,-1.955367094736842
576,V,-10.371980431578947,-0.304665847368421,,-1.7498776789473682
577,S,-10.308397736842105,-0.669255205263158,,-1.7791265
578,C,-10.135318184210526,-0.7177378263157895,,-1.7663722
579,S,-10.390808031578947,-0.669255205263158,,-1.7931696210526313
580,I,-11.225541052631579,0.013380184210526365,,-1.8698780263157893
581,C,-11.52299752631579,-0.7177378263157895,,-2.055403394736842
582,L,-11.456430631578947,-0.3182409789473684,,-1.9836634105263158
